category,title,description,author_or_source,related_program,status
Industry insight,Documentation gap,"Designers are not documenting their process, decisions, or reasoning. Without this, knowledge cannot be shared, transferred, or built upon.",Advisory Board research,Research,Documented
Industry insight,AI and meaning,AI is generating outputs that bypass the thinking process. The danger lies less in the tool and more in designers ceasing to ask why.,Advisory Board research,Research,Documented
Industry insight,Saudi culture as material,"Untapped potential in cultural heritage, from woodwork and craft to poetry and narrative, as source material for contemporary design.",Advisory Board research,Research,Documented
Industry insight,Financial literacy,Designers struggle to quantify the value they create. The financial aspect is identified as a major structural weakness in the industry.,Advisory Board research,Research,Documented
Industry insight,Speed vs depth,The development timeline moves at a pace that makes deep research and documentation difficult.,Advisory Board research,Research,Documented
Industry insight,The charity perception,Consumers often view buying from local designers as an act of charity rather than a choice based on desire or product quality.,Advisory Board research,Research,Documented
Research question,Meaning vs the sake of it,"How can design move beyond designing for the sake of it toward meaning grounded in narrative, evidence, factors, and constraints?",Advisory Board research,Research,Open question
Research question,The teachable unknown,How can visual judgement and composition be taught when there is no clear rule for what makes a composition pleasing?,Advisory Board research,Research,Open question
Research question,Born or taught,"How do skill, technique, receptiveness, analysis, and life experience interact in the development of design mastery?",Advisory Board research,Research,Open question
Research question,Value engineering reality,How can designers protect value and influence clients when budget and time constraints push back against an ideal design?,Advisory Board research,Research,Open question
Weak signal,JOMO: The Joy of Missing Out,"A counter-movement to sensory overload, with design turning toward simplicity, smaller groups, and genuine human connection over mass appeal.",Sal Kurdi-Serafi / advisory research,Design Futures & Signals,Weak signal
Weak signal,From buzzwords to real language,"Practitioners are abandoning borrowed jargon and arriving with their own vocabulary, explaining what they actually mean.",Advisory research,Design Futures & Signals,Weak signal
Weak signal,Research replaces focus groups,"A move away from focus groups toward research groups and feedback loops, evidence and lived experience over assumption.",Advisory research,Design Futures & Signals,Weak signal
Weak signal,Personalisation at scale,"Mass products and environments engineered to feel made-for-you, raising questions about the personal inside the mass.",Advisory research,Design Futures & Signals,Weak signal
Weak signal,Designing for the senses,"Sound, light, and smell moving from afterthought to the core of experience design.",Advisory research,Design Futures & Signals,Weak signal
Weak signal,Human scale over the bombastic,A turn toward developments that knit into existing urban fabric rather than spectacle for its own sake.,Advisory research,Design Futures & Signals,Weak signal
Weak signal,The end of import consulting,A shift away from generic imported best practice toward authentic local identity and capability built from within.,Advisory research,Design Futures & Signals,Weak signal
Weak signal,A safe space to fail,"The need for room to sketch, experiment, take risks, and make mistakes so a design culture can mature through iteration.",Advisory research,Design Futures & Signals,Weak signal
Weak signal,Roles in flux,New functions and job titles are appearing faster than the institutions around them can stabilise.,Advisory research,Design Futures & Signals,Weak signal
Weak signal,Saudi heritage as source,"Craft, literature, poetry, and material traditions translated into contemporary graphic, spatial, and narrative design.",Advisory research,Design Futures & Signals,Weak signal
Weak signal,Gaming as a methodology,"Gaming logic, interaction design, and systems thinking applied across architecture, education, and public space.",Advisory research,Design Futures & Signals,Weak signal
Weak signal,"AI as process, not output","Using AI to sort data, generate questions, and stress-test thinking instead of treating it primarily as a finished-output generator.",Advisory research,Design Futures & Signals,Weak signal
Research session,Advisory Board Research 01,"Recorded facilitated discussion examining cross-disciplinary exchange, programme conditions, future topics, and design-sector questions.",KoD Advisory Board,Research,Coded
Research session,Advisory Board Research 02,"Recorded facilitated discussion examining research, documentation, AI, cultural knowledge, skill development, value, and KoD outcomes.",KoD Advisory Board,Research,Coding in progress
Research session,KoD × SXSW London Research Dialogue,"Recorded critical dialogue on agency, originality, experimentation, making, public life, time, and local-global knowledge.",Brandie Janow; Harry Dobbs; Paulo Pimentel,Making a Design Culture,Coded / Published
Research session,Strategic Advisory Research,"Recorded advisory research examining evidence quality, authenticity, data, sector development, sustainability, and long-term direction.",Confidential advisory research,Research,Public metadata only
Research session,Creative-Sector Challenges Research,"Recorded advisory research testing questions around people, infrastructure, institutions, data gaps, production, operating conditions, and continuity.",Confidential advisory research,Research,Public metadata only
Research session,Past Speaker Feedback / Third Edition Planning,"Recorded and fully coded research on KoD value, audience, format, theme comprehension, applied programming, knowledge continuity, mentoring, sector barriers, and possible measures.",Anonymous participant handling,Research,Fully coded
Research finding,Agency,"Ability to frame questions, exercise judgment, and influence direction.",KoD × SXSW London Research Dialogue,Research framework,Derived framework
Research finding,Original Practice,"Inquiry, observation, and the confidence to create beyond familiar references.",KoD × SXSW London Research Dialogue,Research framework,Derived framework
Research finding,Experimentation,"Testing, critique, revision, and learning through process before outcomes become fixed.",KoD × SXSW London Research Dialogue,Research framework,Derived framework
Research finding,Material Capacity,"Tools, skills, production knowledge, facilities, suppliers, and making processes that connect ideas with use.",KoD × SXSW London Research Dialogue,Research framework,Derived framework
Research finding,Public Life Over Time,"Encounter, evaluation, feedback, shared standards, and continued development across time.",KoD × SXSW London Research Dialogue,Research framework,Derived framework
