edition_year,theme,title,format,description
2024,"Evolving Thought, Shaping Life",Designing Across Generations,Panel,"How people from different generations experience and understand design, and ways to create designs that connect everyone regardless of age."
2024,"Evolving Thought, Shaping Life",STEAM-Driven Design,Panel,"How all five fields combine to develop creative solutions for real-world problems, moving from theory to applied practice."
2024,"Evolving Thought, Shaping Life",The Role of Research and Focus Groups in Design,Panel,"How research and focus groups inform the design process and guide frameworks, policies, and governance to reflect lived experience."
2024,"Evolving Thought, Shaping Life",Material Ecology in Design,Roundtable,"How natural systems and scientific insights transform the way spaces are designed, emphasising sustainable and nature-inspired solutions."
2024,"Evolving Thought, Shaping Life",Bridging Creativity and Science: The Maker Movement,Workshop,"How design and science meet in the Maker Movement, using creative tools to turn scientific ideas into real projects."
2024,"Evolving Thought, Shaping Life",Design in the Age of Change,Roundtable,"How design helps navigate change, and how designers adapt as technology, society, and the environment evolve."
2024,"Evolving Thought, Shaping Life",The Science of Language in Nature and Design,Discourse,"The hidden language of nature, how organisms communicate, and what these systems can teach designers and researchers."
2024,"Evolving Thought, Shaping Life",What Does Knowledge of Design Mean?,Campfire session,"Advisory board members share what the platform means to them, and how they see its role today."
2024,"Evolving Thought, Shaping Life",The Evolution of Language,Panel,"From ancient scripts to modern forms such as emojis. How language evolves alongside culture, technology, and collective understanding."
2025,Design as Knowledge / Knowledge as Design,Infrastructure: What Does It Mean?,Panel,"Infrastructure defined as a layered system: physical assets, capability development, standards, financial pathways, and governance roles."
2025,Design as Knowledge / Knowledge as Design,Designing the Saudi Future,Panel,"Imagination as a public force. Cultural ambition, research capacity, and technical invention as interconnected drivers of national direction."
2025,Design as Knowledge / Knowledge as Design,Leadership and the Future of STEAM,Panel,Leadership reframed as a design practice. Leaders as stewards of conditions that enable knowledge to circulate across domains.
2025,Design as Knowledge / Knowledge as Design,Designing from Place: The Saudi Imagination,In-review session,"Geography, climate, craft, and regional identity as sources of applied intelligence."
2025,Design as Knowledge / Knowledge as Design,Designing Systems of Change,Panel,"Design as a systems practice, directing how change moves through institutions, communities, and sectors."
2025,Design as Knowledge / Knowledge as Design,Cultural Measurement and Impact,Panel,"Moving beyond counting events to metrics that reflect sector health, creative contribution, and cultural value."
2025,Design as Knowledge / Knowledge as Design,Designing with Intelligence,Panel,Artificial intelligence as a thinking tool rather than a shortcut. How designers use it to ask better questions.
2025,Design as Knowledge / Knowledge as Design,The Future of Materials,Applied session,"Biological research, fabrication processes, and climate-responsive material development."
